11620_8,1
9004_1,0
3718_8,1
5836_2,0
902_4,0
8036_8,1
5517_9,1
11607_1,0
6538_8,1
4051_8,1
1035_1,0
4589_10,1
10973_8,1
10737_3,0
12068_9,1
11561_4,0
10475_1,0
832_3,0
11579_10,1
1098_9,1
9613_10,1
8030_9,1
6342_10,1
11244_10,1
12084_8,1
3792_4,0
9399_7,1
10867_7,1
14_2,0
585_10,1
695_4,0
3259_1,0
3510_4,0
2162_10,1
10924_10,1
6049_4,0
355_9,1
11751_10,1
5448_4,0
2836_1,0
11114_10,1
9756_10,1
5251_1,0
9_1,0
2243_7,1
1508_7,1
5166_1,0
9365_1,0
53_10,1
1026_3,0
3004_10,1
10364_4,0
10271_10,1
9499_7,1
11883_1,0
9523_10,1
5132_2,0
3698_3,0
2378_1,0
2915_1,0
1400_1,0
1919_3,0
11600_3,0
3470_1,0
9329_1,0
5454_1,0
82_8,1
197_3,0
10814_2,0
8407_7,1
11333_9,1
9231_4,0
288_10,1
8882_10,1
532_2,0
8733_10,1
11486_4,0
7939_8,1
2516_3,0
3829_10,1
2518_10,1
225_2,0
2130_3,0
10478_3,0
3078_1,0
4799_10,1
9665_10,1
5234_4,0
8398_3,0
3339_4,0
3596_2,0
2952_8,1
3897_4,0
5772_10,1
7882_1,0
2424_3,0
9494_10,1
6637_8,1
3636_1,0
1177_1,0
5488_10,1
1423_2,0
793_2,0
4781_8,1
12075_1,0
6296_7,1
5026_8,1
3252_9,1
4194_3,0
7065_2,0
10653_10,1
11631_7,1
5166_10,1
6076_9,1
11508_8,1
5368_9,1
5206_7,1
7531_4,0
6116_1,0
1892_8,1
10888_8,1
11711_10,1
2037_8,1
1923_4,0
9040_3,0
11368_10,1
1762_1,0
3070_2,0
11849_4,0
1020_10,1
11060_10,1
9226_4,0
2132_9,1
11147_2,0
4878_10,1
2918_9,1
8235_2,0
11323_1,0
10265_9,1
2645_8,1
10254_8,1
5227_10,1
1860_9,1
4568_10,1
4880_9,1
8556_1,0
7259_4,0
250_7,1
8127_8,1
10558_10,1
7754_9,1
12462_7,1
9980_8,1
8122_10,1
1593_4,0
10543_3,0
1523_1,0
6517_10,1
11645_2,0
9938_9,1
4748_2,0
2572_10,1
2383_1,0
7013_9,1
3335_1,0
11521_1,0
11705_3,0
7478_2,0
11497_3,0
1728_7,1
6225_1,0
6236_8,1
1202_2,0
2452_3,0
11594_10,1
8577_3,0
6883_9,1
10659_8,1
6624_1,0
5075_3,0
1666_2,0
721_10,1
10010_7,1
1955_1,0
3923_10,1
8540_2,0
1809_10,1
3088_8,1
11270_10,1
841_10,1
4739_7,1
11156_2,0
8315_3,0
7770_7,1
8719_2,0
7390_10,1
1103_10,1
5793_10,1
5460_4,0
29_10,1
5058_1,0
6251_1,0
3079_10,1
8475_3,0
3382_1,0
12106_10,1
1130_2,0
1040_1,0
10570_8,1
89_2,0
12150_3,0
5696_4,0
8840_3,0
2192_9,1
3_4,0
5528_7,1
11130_3,0
8586_8,1
11876_10,1
10335_8,1
3688_2,0
9389_7,1
10969_4,0
501_2,0
11376_10,1
7406_2,0
8839_3,0
2373_7,1
7207_1,0
11214_3,0
3973_7,1
2680_1,0
2166_7,1
12375_7,1
2726_9,1
7634_2,0
11210_7,1
8559_8,1
1558_1,0
8844_10,1
3144_10,1
1423_10,1
11829_10,1
11997_10,1
4046_8,1
4461_2,0
439_9,1
6608_7,1
8523_9,1
10497_4,0
261_4,0
11310_1,0
7590_10,1
9468_1,0
11185_9,1
11456_1,0
7725_10,1
7732_8,1
6088_10,1
7027_4,0
4028_10,1
2889_10,1
5190_4,0
5714_1,0
8607_1,0
1451_8,1
8213_9,1
8266_10,1
5259_9,1
6748_4,0
431_4,0
2778_3,0
8865_4,0
2182_9,1
6289_10,1
916_3,0
12134_3,0
6958_7,1
9899_4,0
5214_2,0
4997_9,1
484_8,1
2058_1,0
488_9,1
10845_3,0
6950_1,0
7318_10,1
4963_4,0
6689_1,0
4591_9,1
520_1,0
2950_10,1
3197_10,1
2553_1,0
160_9,1
2936_10,1
10038_3,0
9384_4,0
6260_10,1
2370_4,0
10726_7,1
7980_3,0
11350_9,1
6258_4,0
1954_3,0
471_7,1
1750_10,1
9083_8,1
9483_10,1
5406_4,0
7329_3,0
6335_4,0
3690_1,0
10114_10,1
1092_10,1
2459_4,0
9597_10,1
12238_8,1
3871_8,1
4690_2,0
11994_10,1
7080_4,0
11396_10,1
5770_10,1
10207_2,0
1309_1,0
1141_10,1
9011_9,1
11521_10,1
3608_3,0
5235_1,0
11723_7,1
5858_1,0
7629_3,0
1465_9,1
4507_7,1
10204_2,0
6329_10,1
11724_2,0
10665_8,1
9994_10,1
5865_9,1
4853_1,0
2750_1,0
10886_4,0
7734_1,0
9185_1,0
8143_1,0
5792_10,1
7085_9,1
10459_9,1
7974_7,1
135_7,1
4199_7,1
10313_7,1
9680_8,1
9527_10,1
8805_9,1
10658_10,1
6315_10,1
10714_8,1
5642_1,0
5281_10,1
7143_2,0
8296_8,1
135_4,0
5492_3,0
1626_1,0
4103_2,0
9966_1,0
7119_3,0
4480_9,1
7640_10,1
7866_10,1
74_3,0
2919_1,0
9770_1,0
8725_10,1
7152_1,0
2283_9,1
11722_4,0
30_1,0
2042_1,0
8317_8,1
586_10,1
8381_8,1
8543_8,1
1733_7,1
9200_3,0
1881_1,0
9402_7,1
9404_10,1
12041_9,1
6025_1,0
7840_8,1
6832_10,1
402_2,0
9214_3,0
2309_3,0
638_10,1
10057_9,1
9080_3,0
3878_10,1
1919_8,1
4463_7,1
1181_9,1
5080_2,0
9979_7,1
4756_3,0
2238_1,0
113_4,0
7149_10,1
6419_10,1
88_2,0
8951_7,1
265_1,0
9599_9,1
11765_4,0
11639_1,0
673_8,1
11066_1,0
6079_9,1
6724_1,0
10528_3,0
10151_8,1
7683_4,0
11705_7,1
3083_10,1
2343_4,0
9004_7,1
4130_9,1
11841_9,1
7041_7,1
3906_1,0
2854_10,1
6811_4,0
95_3,0
3474_2,0
1717_8,1
12180_10,1
2661_2,0
6855_4,0
1028_10,1
12407_1,0
1918_9,1
1366_8,1
673_1,0
1973_8,1
4248_10,1
5395_1,0
11745_10,1
7771_2,0
5350_9,1
1032_7,1
11223_9,1
3061_10,1
5493_3,0
1128_10,1
8100_3,0
4342_10,1
99_8,1
6449_10,1
11960_1,0
4996_9,1
2296_3,0
44_8,1
11188_1,0
4499_9,1
274_7,1
1785_2,0
12292_10,1
9271_1,0
10070_9,1
8526_10,1
6418_1,0
2485_1,0
3292_10,1
4856_2,0
6372_7,1
12406_8,1
3325_1,0
11698_10,1
11523_2,0
5386_2,0
8717_9,1
9664_1,0
7660_10,1
753_8,1
1838_10,1
6386_1,0
9449_3,0
7372_9,1
533_2,0
10021_8,1
8421_10,1
10789_10,1
9387_9,1
5798_4,0
11333_3,0
1051_4,0
11019_10,1
8812_3,0
9080_7,1
3182_8,1
11059_4,0
7575_4,0
11598_4,0
10662_1,0
5397_4,0
18_3,0
6666_4,0
8640_4,0
6685_10,1
7171_10,1
655_10,1
456_1,0
7673_1,0
6313_4,0
11071_2,0
7875_3,0
10862_9,1
1998_4,0
11125_1,0
4242_9,1
10121_8,1
9346_1,0
12035_3,0
4906_9,1
7061_7,1
1488_10,1
4245_7,1
12027_2,0
4681_4,0
2295_7,1
10597_2,0
3509_10,1
709_2,0
10290_1,0
8069_8,1
1507_8,1
9829_7,1
1440_4,0
88_9,1
6173_1,0
2392_1,0
10662_7,1
436_1,0
1182_3,0
8661_8,1
3151_2,0
2974_8,1
4654_2,0
1702_1,0
2468_10,1
4237_3,0
789_7,1
5874_1,0
6887_3,0
124_10,1
10710_1,0
6700_1,0
3480_10,1
10774_8,1
12207_8,1
4315_9,1
335_4,0
2094_1,0
12162_4,0
4514_10,1
11425_8,1
3045_3,0
12416_10,1
5248_3,0
4642_10,1
9457_1,0
4323_9,1
2422_3,0
9118_10,1
5025_2,0
9386_8,1
8648_1,0
10233_7,1
10859_7,1
9787_7,1
2749_10,1
8793_10,1
117_3,0
5067_10,1
6220_8,1
7911_10,1
10670_3,0
5897_10,1
2063_8,1
1045_2,0
12100_4,0
11747_8,1
9189_10,1
10051_4,0
6199_1,0
6781_10,1
269_8,1
8917_2,0
3944_3,0
9073_3,0
444_10,1
3494_9,1
11838_9,1
11104_1,0
10395_8,1
10551_1,0
856_7,1
9287_9,1
10284_9,1
5839_3,0
6312_7,1
3925_1,0
7361_10,1
4823_7,1
8834_4,0
6907_8,1
2862_1,0
1821_8,1
10356_9,1
7893_4,0
1921_9,1
40_3,0
4152_1,0
1646_9,1
7200_9,1
840_9,1
6954_8,1
2571_4,0
6650_3,0
5430_3,0
3192_1,0
4262_1,0
6530_8,1
1971_9,1
1489_8,1
2644_8,1
6202_7,1
6949_10,1
5835_2,0
5284_4,0
11821_10,1
11071_10,1
1825_10,1
4542_1,0
7700_10,1
1851_1,0
11423_8,1
7991_4,0
9628_1,0
2600_2,0
6757_8,1
9476_4,0
3048_10,1
8665_8,1
2673_3,0
797_8,1
3704_3,0
3982_7,1
8153_1,0
5002_1,0
9441_9,1
10625_2,0
6810_1,0
5190_8,1
9758_4,0
4426_1,0
10235_8,1
11732_1,0
6730_10,1
3604_2,0
10465_2,0
1291_4,0
10555_8,1
6100_10,1
1891_8,1
9157_1,0
8219_7,1
10312_10,1
6167_7,1
1200_1,0
3284_10,1
5750_8,1
1037_8,1
11452_1,0
7992_7,1
9354_2,0
11088_7,1
3305_10,1
6833_2,0
908_8,1
7707_4,0
5316_2,0
8708_3,0
4283_10,1
7033_7,1
10503_10,1
4005_10,1
9646_7,1
9934_3,0
4032_4,0
9526_10,1
4161_8,1
5914_8,1
7381_1,0
2461_10,1
2973_2,0
1783_8,1
11137_7,1
7087_9,1
5478_4,0
5490_9,1
8892_2,0
11328_3,0
2104_7,1
2505_2,0
1047_8,1
7485_8,1
3962_10,1
4460_9,1
9176_1,0
49_4,0
7537_10,1
7503_4,0
10382_4,0
7541_10,1
1264_3,0
6340_1,0
6212_1,0
9741_1,0
10048_10,1
8521_10,1
11392_1,0
8240_9,1
5401_2,0
5531_2,0
12157_1,0
6926_10,1
8108_10,1
1008_1,0
4187_7,1
11414_9,1
991_7,1
1420_8,1
5672_1,0
8412_7,1
7527_10,1
7275_1,0
9879_8,1
9553_1,0
2958_1,0
5997_3,0
2121_10,1
5356_8,1
8437_10,1
8539_4,0
2677_3,0
4990_8,1
4729_10,1
10514_8,1
3174_4,0
698_3,0
1952_3,0
12011_10,1
3019_2,0
3910_2,0
5911_9,1
4711_1,0
1261_2,0
5011_10,1
8109_10,1
2659_8,1
1364_8,1
3689_8,1
11025_7,1
8443_4,0
10318_7,1
3432_4,0
8783_9,1
2595_3,0
2577_2,0
1862_1,0
9669_1,0
12013_10,1
10115_10,1
9122_7,1
2540_8,1
3453_3,0
750_8,1
1890_10,1
10971_9,1
8093_3,0
7555_2,0
12488_8,1
3915_9,1
5538_4,0
1056_3,0
9481_3,0
8186_10,1
436_10,1
9098_1,0
9130_4,0
8494_2,0
10610_8,1
7520_8,1
7596_3,0
8652_1,0
5238_2,0
5433_1,0
10689_8,1
7370_1,0
5981_3,0
6220_1,0
7808_1,0
3135_2,0
5452_8,1
11574_10,1
9712_10,1
5820_7,1
6880_7,1
3482_10,1
3761_8,1
8112_1,0
12135_1,0
7261_8,1
370_1,0
20_1,0
11508_1,0
8174_4,0
892_10,1
8565_7,1
5905_1,0
5562_2,0
759_1,0
10468_1,0
5064_8,1
8236_1,0
954_10,1
933_2,0
10446_2,0
10844_1,0
4179_4,0
4107_10,1
7206_9,1
4482_2,0
4415_4,0
6817_1,0
6097_1,0
11446_10,1
5365_3,0
272_2,0
2534_8,1
4748_7,1
5589_2,0
5537_3,0
12078_8,1
4173_10,1
7793_10,1
2075_8,1
3932_8,1
6345_1,0
6282_7,1
2732_1,0
3519_3,0
8276_2,0
2798_1,0
6649_1,0
3096_1,0
12015_10,1
2064_1,0
195_8,1
4385_3,0
1126_3,0
9253_4,0
2277_4,0
9956_9,1
9977_4,0
864_2,0
10636_8,1
4706_1,0
8102_7,1
5778_2,0
7993_10,1
8763_2,0
4098_10,1
3619_8,1
4805_8,1
5403_10,1
11024_9,1
6275_7,1
9780_2,0
9714_10,1
5641_2,0
1621_4,0
9273_1,0
8698_3,0
10375_10,1
5813_4,0
7569_3,0
780_7,1
241_8,1
4880_4,0
5391_9,1
519_1,0
1632_7,1
6927_10,1
8169_8,1
6356_8,1
1213_10,1
10584_1,0
12395_4,0
6192_1,0
11565_9,1
5141_9,1
2470_10,1
10637_2,0
6840_10,1
5631_2,0
4412_2,0
10897_1,0
1096_2,0
9118_1,0
7561_2,0
2391_10,1
9402_1,0
12472_2,0
8111_8,1
429_3,0
2619_8,1
3010_1,0
1560_2,0
6314_9,1
1017_8,1
11345_2,0
7605_8,1
9089_9,1
1116_9,1
6771_2,0
1927_2,0
6161_9,1
1502_1,0
8388_7,1
7498_10,1
3273_9,1
563_10,1
9485_3,0
3565_10,1
8877_4,0
393_8,1
5145_10,1
381_1,0
5588_3,0
1996_10,1
11741_3,0
7870_10,1
9604_3,0
5611_2,0
957_2,0
3314_1,0
12482_4,0
8332_2,0
5721_4,0
925_1,0
7296_1,0
9656_10,1
875_4,0
2997_7,1
5502_3,0
11622_10,1
8248_9,1
9123_1,0
9524_3,0
9427_1,0
5272_1,0
5946_4,0
2990_2,0
11652_4,0
9149_9,1
7810_7,1
7506_7,1
5281_1,0
4131_7,1
3312_3,0
11993_1,0
6067_10,1
10812_8,1
3457_7,1
3513_4,0
12202_3,0
6585_3,0
10839_2,0
1863_10,1
2399_1,0
4896_3,0
12394_10,1
11503_10,1
9246_8,1
5055_4,0
9886_4,0
11692_1,0
5469_4,0
5057_10,1
12154_7,1
1796_2,0
8219_1,0
10606_10,1
6331_3,0
3484_10,1
6452_1,0
6545_4,0
7199_1,0
183_3,0
12211_2,0
1842_9,1
4363_1,0
4085_10,1
3535_1,0
1161_8,1
3635_9,1
2675_9,1
2318_3,0
1857_10,1
8273_10,1
5551_1,0
8055_8,1
3269_4,0
11123_10,1
1131_1,0
6422_1,0
3_10,1
5525_8,1
8307_10,1
2847_2,0
10977_1,0
11511_1,0
10712_1,0
10329_8,1
4646_7,1
9882_3,0
3547_1,0
3685_8,1
11658_10,1
6721_10,1
7825_1,0
6540_3,0
4573_10,1
2129_8,1
1250_10,1
11336_7,1
4099_8,1
8916_2,0
1040_10,1
11546_9,1
2746_4,0
7298_1,0
6556_9,1
4657_10,1
6582_4,0
11012_1,0
2741_2,0
9732_3,0
9916_7,1
2014_7,1
12315_2,0
10093_7,1
8379_1,0
6130_7,1
4914_7,1
6419_1,0
3598_3,0
9215_7,1
12299_7,1
5752_8,1
7067_2,0
7343_2,0
4869_3,0
12230_4,0
6500_10,1
10409_10,1
5899_7,1
856_1,0
9423_4,0
7540_4,0
9630_10,1
8378_10,1
12458_2,0
2437_10,1
3680_9,1
4739_3,0
10949_8,1
12447_8,1
8961_2,0
5885_10,1
10759_4,0
11685_8,1
4857_2,0
9125_10,1
3588_8,1
3789_3,0
12348_4,0
810_10,1
3377_8,1
7909_10,1
744_1,0
3715_7,1
3473_9,1
4774_10,1
4625_2,0
10982_3,0
10143_8,1
8845_3,0
11020_8,1
1025_8,1
8866_1,0
4596_10,1
2791_3,0
11019_4,0
5216_8,1
1100_3,0
2039_2,0
10648_4,0
4423_2,0
4652_1,0
226_4,0
7270_2,0
7778_10,1
11616_4,0
8991_10,1
1777_10,1
6541_4,0
1180_9,1
10183_7,1
1993_10,1
11304_4,0
3676_8,1
8580_4,0
2686_9,1
9327_1,0
4827_9,1
11731_10,1
11280_3,0
9672_3,0
11032_2,0
886_1,0
7164_2,0
7053_1,0
301_10,1
912_8,1
9846_7,1
9120_10,1
5627_4,0
2693_2,0
11450_10,1
5342_10,1
2476_10,1
3153_10,1
4363_8,1
4960_1,0
11201_1,0
5409_10,1
3616_7,1
2050_7,1
10788_10,1
6432_9,1
8626_1,0
5106_4,0
1099_10,1
3464_10,1
770_10,1
3871_3,0
4030_4,0
9859_10,1
5213_3,0
12414_10,1
7952_4,0
1549_10,1
7482_2,0
2380_1,0
5125_1,0
10545_1,0
2847_8,1
4975_8,1
2953_1,0
4910_1,0
7502_7,1
11405_8,1
6657_9,1
12165_3,0
1063_3,0
11034_1,0
5389_7,1
8355_2,0
3650_10,1
6221_7,1
662_3,0
6206_8,1
9061_4,0
2785_7,1
4485_10,1
4142_10,1
7591_1,0
6900_8,1
5729_9,1
7548_8,1
8481_4,0
1154_3,0
7880_8,1
9098_10,1
7742_3,0
10229_8,1
768_4,0
10133_1,0
25_1,0
1935_4,0
7189_10,1
7566_10,1
10217_9,1
8196_1,0
1516_3,0
3355_10,1
5266_3,0
9171_9,1
10566_3,0
8978_10,1
7613_9,1
10787_10,1
11974_10,1
7608_10,1
4622_8,1
6456_1,0
11000_1,0
634_2,0
75_8,1
340_3,0
9082_10,1
8963_1,0
3758_3,0
10590_4,0
6440_3,0
1734_2,0
7240_8,1
21_4,0
12151_10,1
2215_8,1
5048_2,0
10436_4,0
1906_1,0
7260_1,0
455_10,1
3668_7,1
11789_1,0
1905_10,1
4377_3,0
617_7,1
6916_2,0
11946_4,0
7129_10,1
11572_8,1
9856_4,0
4459_1,0
1957_7,1
7524_9,1
8528_7,1
3189_1,0
8408_3,0
5239_7,1
11772_10,1
8563_2,0
6232_10,1
11505_3,0
2151_10,1
1801_8,1
7830_10,1
10920_10,1
6939_4,0
804_4,0
2245_4,0
699_4,0
5845_3,0
11701_9,1
9501_2,0
12480_3,0
484_1,0
8958_10,1
119_10,1
4969_3,0
513_10,1
8341_10,1
5292_7,1
10113_10,1
704_10,1
2607_9,1
10267_8,1
1212_8,1
641_8,1
5695_1,0
2397_4,0
8516_9,1
10536_10,1
12206_9,1
615_1,0
2312_9,1
1286_2,0
10355_9,1
3125_1,0
7696_2,0
2448_4,0
3447_1,0
2053_10,1
8130_3,0
2957_1,0
11472_1,0
11355_2,0
1792_1,0
8689_7,1
949_1,0
4335_4,0
110_10,1
7115_3,0
6242_8,1
12240_8,1
12192_7,1
11829_3,0
9211_2,0
9687_3,0
2712_2,0
8502_1,0
1043_10,1
7425_3,0
5979_9,1
5575_3,0
1722_7,1
12405_10,1
2801_9,1
10897_9,1
9060_1,0
5004_3,0
9445_1,0
10106_8,1
6125_9,1
8208_8,1
1321_10,1
9771_10,1
8136_9,1
10123_3,0
192_9,1
11553_4,0
7768_8,1
6708_3,0
10327_1,0
11043_7,1
2970_4,0
7790_2,0
1232_1,0
5017_8,1
3109_4,0
432_8,1
3569_8,1
11718_10,1
1725_8,1
7045_1,0
4379_1,0
4387_3,0
9037_3,0
859_9,1
5018_8,1
5876_1,0
11251_2,0
8536_9,1
1522_1,0
1896_8,1
1388_10,1
9251_9,1
8467_7,1
8242_3,0
4260_2,0
2292_2,0
11538_1,0
9107_7,1
5620_3,0
11486_8,1
10275_3,0
8131_1,0
262_8,1
1480_8,1
6486_2,0
10975_10,1
7447_8,1
7327_1,0
7008_8,1
114_10,1
10792_1,0
4882_1,0
9490_10,1
9313_1,0
797_1,0
5848_7,1
6093_8,1
8711_7,1
11160_9,1
4381_10,1
3726_7,1
4878_4,0
4944_7,1
4950_3,0
3379_7,1
11765_8,1
6391_8,1
8326_7,1
11286_1,0
11052_9,1
5443_1,0
1075_10,1
5107_10,1
10680_8,1
12017_7,1
8026_9,1
7811_7,1
4713_8,1
2827_3,0
5446_9,1
5461_7,1
8858_2,0
9954_1,0
12247_8,1
7009_10,1
576_10,1
805_1,0
5693_1,0
1112_8,1
667_2,0
10249_1,0
5454_7,1
7703_8,1
9707_3,0
4150_10,1
2520_2,0
9428_10,1
1251_9,1
9907_7,1
2767_1,0
9603_4,0
3020_3,0
5755_1,0
8305_3,0
3018_10,1
6935_2,0
2815_10,1
3801_1,0
2106_4,0
4026_1,0
6179_1,0
2492_10,1
8492_9,1
3373_7,1
4074_10,1
9995_1,0
10355_1,0
9049_3,0
10220_7,1
8082_3,0
3408_10,1
5310_1,0
8817_8,1
563_4,0
10266_1,0
649_4,0
8423_4,0
2486_3,0
5175_10,1
9725_7,1
10925_9,1
5083_8,1
10960_1,0
6703_8,1
7124_8,1
6979_10,1
1461_10,1
4679_10,1
1792_10,1
7122_3,0
9602_10,1
2794_8,1
11056_10,1
9255_10,1
10279_3,0
2837_1,0
3616_2,0
233_7,1
2643_1,0
7890_1,0
8897_3,0
8901_8,1
10815_10,1
9128_9,1
3179_2,0
1520_7,1
12109_4,0
3190_1,0
6831_4,0
11075_10,1
1532_10,1
4534_2,0
11260_7,1
10870_3,0
3169_8,1
5622_10,1
11370_9,1
1732_10,1
8353_3,0
1869_9,1
7506_4,0
5706_9,1
4356_8,1
514_10,1
9145_1,0
11729_10,1
3752_3,0
6596_8,1
6219_3,0
354_3,0
429_10,1
4921_2,0
1472_8,1
8914_8,1
9695_1,0
1325_2,0
6215_7,1
8235_7,1
42_10,1
1221_7,1
4567_1,0
6969_10,1
8648_9,1
8193_3,0
9356_3,0
9670_9,1
10154_1,0
133_10,1
11945_9,1
8180_8,1
12103_7,1
5591_2,0
12252_1,0
6842_3,0
3954_1,0
969_7,1
6787_1,0
271_10,1
1043_3,0
7919_10,1
4950_8,1
1094_9,1
6503_10,1
1652_3,0
1814_10,1
888_8,1
338_4,0
2779_7,1
8267_7,1
4930_7,1
11519_1,0
5844_8,1
7470_10,1
10738_9,1
9540_8,1
7387_1,0
434_8,1
775_4,0
10091_7,1
10646_8,1
2183_2,0
619_9,1
6970_8,1
868_3,0
567_10,1
2888_10,1
11111_9,1
9625_2,0
3733_1,0
7977_8,1
9544_2,0
11888_9,1
4362_7,1
5115_10,1
9507_10,1
1471_9,1
10805_2,0
6928_9,1
7143_10,1
12227_7,1
10747_10,1
4634_10,1
1763_9,1
820_1,0
5444_8,1
2808_10,1
1068_10,1
8389_1,0
2830_3,0
2382_7,1
6510_7,1
8631_7,1
11246_8,1
3143_10,1
691_9,1
6493_10,1
2723_7,1
8303_10,1
10795_1,0
1836_7,1
680_8,1
1363_1,0
1893_1,0
2728_3,0
1176_4,0
12446_8,1
2062_10,1
9809_7,1
9401_1,0
9233_4,0
2441_3,0
982_8,1
4324_1,0
9821_8,1
11216_4,0
1313_1,0
11295_9,1
293_2,0
7416_9,1
1758_10,1
5680_10,1
8541_10,1
1513_7,1
8331_8,1
6295_1,0
9550_7,1
3770_10,1
6024_1,0
5929_2,0
8771_4,0
195_4,0
2610_3,0
81_1,0
5633_3,0
11197_8,1
3914_10,1
6953_2,0
11672_4,0
9053_2,0
2529_7,1
1105_8,1
2393_2,0
1225_3,0
795_8,1
11205_10,1
12034_10,1
5822_10,1
4382_3,0
3114_9,1
3911_10,1
6966_8,1
10841_2,0
10403_2,0
9319_2,0
8737_9,1
1639_10,1
4372_2,0
10723_4,0
2082_1,0
8023_3,0
2993_4,0
6327_4,0
11181_4,0
11153_2,0
906_10,1
8876_4,0
7791_10,1
1414_3,0
4_4,0
2599_4,0
2253_8,1
11217_7,1
12310_10,1
9468_7,1
12271_1,0
5391_4,0
8595_1,0
9811_7,1
5232_2,0
11711_4,0
11607_10,1
8238_8,1
3378_2,0
11790_8,1
9146_9,1
3036_9,1
159_10,1
7603_10,1
1839_10,1
5336_8,1
4590_1,0
11978_4,0
11569_8,1
10169_7,1
9214_7,1
7485_4,0
7150_1,0
10600_2,0
1129_1,0
5932_10,1
3802_10,1
3467_7,1
5482_10,1
2734_9,1
6999_7,1
262_4,0
5506_10,1
10334_8,1
3445_7,1
9583_8,1
10823_8,1
5740_3,0
842_1,0
10643_1,0
5568_8,1
6409_7,1
9560_9,1
11540_10,1
11457_4,0
11693_4,0
9990_8,1
12236_10,1
1206_10,1
9108_1,0
9753_10,1
6885_1,0
9345_1,0
7351_2,0
8002_1,0
3623_3,0
7965_10,1
2091_9,1
3699_3,0
1878_10,1
3692_10,1
1095_3,0
11406_1,0
11628_10,1
5477_7,1
11235_4,0
4641_9,1
119_4,0
1437_1,0
11081_1,0
4461_8,1
3683_9,1
3952_10,1
8733_1,0
9085_8,1
7391_9,1
8077_7,1
419_7,1
2862_10,1
4815_2,0
9095_1,0
7269_3,0
3388_1,0
4611_10,1
1782_4,0
46_4,0
8824_8,1
7832_7,1
228_7,1
9806_1,0
3968_10,1
2101_7,1
8288_7,1
8647_1,0
2175_9,1
4834_8,1
3234_9,1
2426_1,0
1055_2,0
4744_4,0
10056_8,1
3248_4,0
8222_1,0
934_9,1
9651_3,0
2302_1,0
11848_10,1
11314_1,0
8817_1,0
3464_1,0
2066_7,1
5314_10,1
2974_1,0
10583_10,1
5104_1,0
538_10,1
11769_1,0
10714_2,0
10325_1,0
12340_4,0
10438_9,1
10505_10,1
7986_10,1
12183_4,0
1124_10,1
3326_4,0
6531_8,1
1233_7,1
4575_1,0
9366_9,1
10881_2,0
8767_1,0
3799_3,0
3997_10,1
12290_10,1
4186_7,1
4768_4,0
8735_8,1
5679_10,1
447_1,0
4063_8,1
7097_9,1
7741_9,1
8307_1,0
4486_7,1
9219_2,0
3281_10,1
9675_8,1
941_2,0
7239_7,1
3303_4,0
10461_1,0
2720_7,1
194_8,1
8706_2,0
8660_1,0
10549_2,0
1626_10,1
971_3,0
2348_3,0
8752_2,0
11778_10,1
6611_7,1
8469_1,0
6108_8,1
6590_9,1
2071_9,1
10236_8,1
463_4,0
11059_9,1
2938_3,0
12001_8,1
8681_4,0
7580_7,1
4505_2,0
7713_10,1
561_1,0
11480_10,1
2809_8,1
7096_10,1
10894_8,1
198_8,1
5742_10,1
3946_3,0
5486_3,0
8093_7,1
9910_1,0
10166_7,1
2775_1,0
11490_9,1
8347_10,1
6231_10,1
4942_4,0
3652_4,0
9810_2,0
12184_1,0
8163_8,1
10590_8,1
1379_8,1
401_3,0
9466_7,1
3282_8,1
7541_4,0
8603_10,1
2978_1,0
9841_4,0
6529_7,1
11284_8,1
7535_1,0
8060_1,0
3211_1,0
351_10,1
3821_9,1
1164_10,1
5567_1,0
12057_1,0
2244_1,0
246_3,0
9741_8,1
7137_1,0
8813_9,1
12389_1,0
5920_9,1
3250_9,1
394_3,0
8530_9,1
3621_1,0
2928_2,0
9422_9,1
2376_7,1
5566_9,1
11854_1,0
11595_4,0
3332_8,1
927_1,0
4229_10,1
7258_3,0
1326_10,1
11491_3,0
8189_4,0
7777_10,1
7465_1,0
4316_1,0
3835_3,0
11468_3,0
6085_8,1
3408_4,0
6209_4,0
9684_1,0
9683_1,0
7515_1,0
2360_1,0
3673_8,1
9149_1,0
9028_10,1
9339_1,0
11535_7,1
10225_3,0
10299_9,1
3180_2,0
1952_8,1
5220_2,0
6851_8,1
342_10,1
12181_8,1
7404_1,0
5735_2,0
3312_8,1
12181_1,0
1394_4,0
11169_7,1
6092_8,1
5959_2,0
11238_7,1
3065_2,0
8992_4,0
6434_7,1
11728_2,0
8858_10,1
461_1,0
9171_1,0
5783_4,0
4900_8,1
8448_3,0
7930_1,0
9469_1,0
9236_1,0
8620_2,0
6319_1,0
10593_8,1
4126_8,1
4347_1,0
9576_9,1
34_8,1
6256_8,1
10258_4,0
11258_8,1
2880_8,1
4855_7,1
4843_7,1
7866_2,0
8654_1,0
7145_1,0
3507_7,1
12152_9,1
5141_4,0
3409_1,0
1298_3,0
2342_8,1
10449_9,1
9505_4,0
4861_8,1
12313_10,1
11612_3,0
6081_4,0
5416_9,1
7174_9,1
10305_8,1
5698_1,0
4726_7,1
1395_10,1
8921_8,1
5377_7,1
4487_9,1
9754_10,1
6829_8,1
7107_2,0
5591_8,1
11594_4,0
3884_8,1
11998_9,1
5407_1,0
2198_1,0
6835_2,0
6569_3,0
9916_2,0
2640_10,1
12060_3,0
6060_10,1
10028_2,0
10316_8,1
5956_3,0
5717_9,1
5527_8,1
1717_3,0
2264_9,1
11980_10,1
7003_10,1
5378_3,0
7678_10,1
747_1,0
12382_1,0
10878_7,1
8265_4,0
6944_2,0
9033_4,0
11367_10,1
3003_2,0
9700_10,1
8061_10,1
5234_10,1
5820_1,0
4443_3,0
7212_2,0
11311_10,1
10004_3,0
3698_10,1
72_4,0
4050_4,0
3805_2,0
9444_3,0
6829_1,0
10906_10,1
8436_10,1
4625_10,1
5487_4,0
6985_2,0
2961_10,1
6290_7,1
3880_8,1
12146_2,0
737_8,1
9922_4,0
5721_10,1
6008_7,1
955_4,0
6883_4,0
4433_7,1
11266_1,0
4912_4,0
3381_10,1
7433_10,1
3839_7,1
5265_1,0
8374_7,1
8738_3,0
9268_9,1
11991_3,0
10962_10,1
1544_2,0
8440_8,1
3889_2,0
10756_8,1
1442_7,1
7801_9,1
10833_10,1
5049_9,1
1456_1,0
12411_7,1
1069_3,0
5153_8,1
4847_9,1
3940_9,1
11533_8,1
12210_2,0
8967_8,1
129_9,1
586_1,0
3530_2,0
2524_4,0
4236_3,0
5926_7,1
921_2,0
4675_4,0
11491_8,1
6415_3,0
7898_10,1
7752_8,1
4171_7,1
4147_1,0
7544_3,0
11172_10,1
11016_7,1
2352_9,1
8043_9,1
7717_10,1
4980_2,0
861_2,0
6307_8,1
1981_9,1
9897_10,1
5696_8,1
9678_8,1
3549_8,1
11539_9,1
917_1,0
7765_4,0
5931_7,1
2521_10,1
4822_9,1
8071_9,1
460_9,1
12301_4,0
7041_1,0
1924_4,0
4602_8,1
12108_4,0
6232_4,0
10413_10,1
10004_8,1
6511_10,1
10021_2,0
11402_4,0
10684_9,1
3650_2,0
108_10,1
6509_4,0
11966_3,0
9_7,1
4979_3,0
5241_7,1
9315_7,1
9938_3,0
166_7,1
2690_2,0
8496_7,1
3428_9,1
4771_10,1
691_3,0
11473_4,0
367_10,1
10110_10,1
9536_7,1
1787_10,1
10556_1,0
2574_3,0
379_10,1
8533_2,0
10851_2,0
8967_4,0
414_2,0
9699_10,1
3802_2,0
3265_2,0
1702_9,1
5422_4,0
5554_3,0
5208_4,0
4659_1,0
3537_10,1
1218_8,1
9607_9,1
11537_4,0
7580_1,0
4181_4,0
11425_1,0
5406_7,1
10747_4,0
2860_1,0
8210_4,0
12025_7,1
6096_1,0
10512_10,1
12231_10,1
2714_10,1
4105_10,1
1256_8,1
1066_10,1
4340_8,1
6235_8,1
1029_3,0
693_2,0
1638_8,1
6671_1,0
7120_4,0
10893_3,0
5495_3,0
5148_7,1
6117_10,1
10546_9,1
7582_2,0
11589_3,0
6153_1,0
2623_7,1
11401_9,1
10129_7,1
1280_4,0
11642_10,1
9981_1,0
10414_10,1
1019_1,0
245_1,0
295_3,0
12258_10,1
4100_10,1
12126_8,1
3143_1,0
5993_8,1
7910_10,1
4187_3,0
2009_4,0
6247_10,1
4870_10,1
3177_4,0
3788_10,1
7669_8,1
4421_4,0
4946_1,0
5875_1,0
624_9,1
752_7,1
3495_1,0
831_9,1
4865_3,0
11752_10,1
8056_8,1
10063_1,0
7430_10,1
5277_1,0
9154_1,0
10840_4,0
10414_3,0
7089_9,1
1482_10,1
10615_8,1
11719_7,1
11025_1,0
9575_9,1
7481_1,0
5882_9,1
11340_7,1
291_3,0
4296_9,1
10596_1,0
8128_10,1
9535_10,1
7210_8,1
8367_1,0
12007_10,1
4971_7,1
7985_10,1
1242_1,0
8491_4,0
3747_10,1
3220_10,1
12235_2,0
10641_7,1
7494_10,1
11386_4,0
1364_4,0
5501_1,0
575_3,0
1134_9,1
11676_2,0
5047_3,0
8079_3,0
1030_10,1
5805_9,1
10661_3,0
8583_9,1
356_10,1
3976_10,1
2389_2,0
2184_1,0
1746_7,1
4046_1,0
8851_1,0
77_7,1
11605_10,1
1074_4,0
268_8,1
2008_7,1
10159_3,0
12385_7,1
8049_1,0
6487_10,1
8582_9,1
9143_2,0
7289_10,1
4952_7,1
10547_9,1
11551_7,1
5700_1,0
11460_10,1
1452_1,0
5807_1,0
11692_7,1
8618_1,0
5544_3,0
11203_8,1
3331_1,0
251_10,1
5536_1,0
3637_1,0
4016_4,0
1327_9,1
5833_1,0
9192_3,0
6125_4,0
11202_10,1
4197_8,1
9573_8,1
6196_3,0
9533_9,1
6273_9,1
3921_1,0
7842_10,1
10399_4,0
7317_2,0
5633_8,1
9463_10,1
651_10,1
12362_8,1
4710_1,0
4049_3,0
10471_10,1
734_10,1
3251_7,1
6378_4,0
4694_10,1
11541_1,0
7883_10,1
11311_4,0
4174_3,0
8363_8,1
6399_7,1
2784_1,0
8103_3,0
5305_4,0
10573_10,1
712_9,1
12450_1,0
11732_7,1
1071_4,0
78_10,1
1419_7,1
1545_10,1
10622_3,0
7209_2,0
10407_4,0
5849_8,1
5958_9,1
2234_9,1
10083_7,1
4292_7,1
10157_4,0
8609_3,0
9193_3,0
5586_4,0
12339_4,0
10664_8,1
409_2,0
9764_1,0
1597_8,1
2395_7,1
1053_8,1
542_9,1
12361_4,0
2929_2,0
10541_10,1
9424_10,1
11037_8,1
6183_7,1
11914_7,1
3564_2,0
6866_1,0
3403_9,1
12273_2,0
2075_1,0
1898_9,1
2867_1,0
5479_10,1
12038_9,1
5028_10,1
12048_10,1
5831_8,1
9936_10,1
5297_4,0
9812_2,0
7876_2,0
10268_1,0
4167_2,0
2911_3,0
4875_7,1
9773_7,1
4138_10,1
3021_1,0
8802_3,0
588_2,0
4015_1,0
2591_7,1
5637_10,1
2134_10,1
9336_9,1
7595_1,0
9244_3,0
1192_1,0
8561_3,0
5063_1,0
11066_8,1
4776_8,1
9249_9,1
9453_8,1
12053_3,0
11502_1,0
10353_9,1
38_2,0
1085_2,0
2165_4,0
3879_8,1
7401_9,1
11901_9,1
9817_2,0
3436_8,1
7407_2,0
11631_1,0
6387_3,0
4674_3,0
6118_1,0
11648_9,1
6854_10,1
8001_3,0
7996_2,0
7867_7,1
10984_2,0
11127_3,0
7025_8,1
3078_10,1
8942_8,1
6359_10,1
4603_4,0
5660_1,0
6105_10,1
2647_10,1
12034_3,0
3641_4,0
10409_2,0
3730_2,0
9077_1,0
11975_1,0
5501_10,1
3341_1,0
515_10,1
5745_3,0
6710_10,1
7267_1,0
2991_4,0
3641_9,1
2844_4,0
993_2,0
2593_2,0
5850_4,0
9096_10,1
813_3,0
4174_9,1
7862_7,1
704_1,0
10285_3,0
12204_1,0
513_1,0
5819_4,0
11576_7,1
1603_9,1
561_10,1
8564_2,0
3945_10,1
279_9,1
4905_1,0
2863_8,1
6525_7,1
4033_9,1
9172_1,0
5222_3,0
12311_9,1
8129_3,0
8673_7,1
5829_3,0
10941_1,0
2640_2,0
2652_10,1
3809_9,1
11825_8,1
11970_4,0
5672_9,1
6552_9,1
11853_7,1
11814_7,1
1384_2,0
10783_2,0
4956_10,1
2593_10,1
1256_3,0
9090_1,0
2855_4,0
4770_10,1
8060_9,1
7802_10,1
7955_10,1
2646_10,1
5315_4,0
5184_2,0
1152_10,1
4858_1,0
11771_1,0
9275_1,0
4414_9,1
1882_1,0
11865_1,0
172_1,0
11203_1,0
9931_4,0
4836_8,1
6290_3,0
3691_3,0
4792_10,1
1163_7,1
3771_1,0
477_4,0
6422_7,1
5326_10,1
5803_10,1
8555_9,1
7570_2,0
7687_8,1
6384_9,1
9727_7,1
6427_3,0
4954_10,1
9917_3,0
12441_4,0
2141_10,1
10793_4,0
6864_3,0
2793_9,1
1486_4,0
5358_1,0
8342_4,0
6372_2,0
11827_9,1
5204_8,1
12347_1,0
9395_2,0
12442_8,1
12189_7,1
1970_4,0
12280_1,0
580_9,1
7426_10,1
7748_9,1
9479_10,1
10379_2,0
10519_9,1
7997_10,1
7973_10,1
9201_4,0
11253_1,0
8561_10,1
12068_1,0
8382_1,0
7320_10,1
9870_4,0
4555_1,0
7635_1,0
4789_4,0
355_4,0
10182_3,0
10410_10,1
1888_8,1
507_4,0
7080_10,1
12285_10,1
11420_1,0
10224_4,0
3885_10,1
6195_1,0
8439_10,1
6164_7,1
11889_7,1
884_8,1
1398_7,1
10669_2,0
9070_7,1
7131_9,1
55_9,1
3227_3,0
8477_10,1
9133_9,1
10901_10,1
9740_7,1
7543_1,0
528_1,0
10864_1,0
7944_2,0
431_8,1
11929_9,1
6849_7,1
1994_2,0
7028_9,1
5009_3,0
5550_7,1
3640_8,1
11374_2,0
68_10,1
5012_4,0
2849_4,0
12451_10,1
4016_10,1
8138_10,1
136_10,1
8533_8,1
9961_9,1
2417_1,0
7379_2,0
1429_9,1
1344_1,0
4049_7,1
6455_3,0
11851_10,1
7526_8,1
2020_7,1
565_10,1
5898_4,0
9858_2,0
213_9,1
2818_4,0
2086_3,0
10573_3,0
4137_8,1
5790_1,0
2145_1,0
4536_1,0
7460_10,1
4284_10,1
5884_10,1
4974_10,1
3523_9,1
5824_10,1
10841_10,1
3000_8,1
77_4,0
11957_8,1
6594_10,1
123_10,1
5197_4,0
4054_3,0
3455_10,1
2907_4,0
5929_10,1
7894_10,1
10466_8,1
9016_10,1
1350_9,1
3180_8,1
6698_10,1
8671_7,1
7370_7,1
3205_1,0
2621_4,0
1904_7,1
7423_9,1
187_8,1
2524_10,1
8535_7,1
9661_4,0
1788_7,1
2597_3,0
8919_7,1
2236_1,0
9853_1,0
7564_1,0
1712_1,0
10846_9,1
52_10,1
2924_4,0
3826_1,0
7944_9,1
1698_3,0
1813_1,0
5709_10,1
2398_2,0
10206_10,1
2333_2,0
2422_9,1
1936_10,1
4328_3,0
11424_8,1
639_3,0
1812_10,1
6980_2,0
7362_10,1
10580_4,0
6236_1,0
11465_1,0
3399_10,1
6748_8,1
10483_8,1
6154_4,0
228_1,0
7492_7,1
5177_8,1
6245_1,0
3543_1,0
5941_1,0
2363_1,0
12378_8,1
3986_10,1
3336_1,0
10404_9,1
6302_2,0
1605_4,0
4782_9,1
10155_4,0
6990_1,0
10706_4,0
3687_1,0
822_9,1
51_1,0
7317_10,1
2122_7,1
745_10,1
11907_4,0
2254_8,1
9521_10,1
10036_8,1
9992_3,0
7858_10,1
5771_1,0
11423_1,0
10184_9,1
8738_8,1
1641_1,0
4462_4,0
1723_7,1
3570_1,0
4268_10,1
1422_10,1
8165_3,0
4931_8,1
5622_2,0
6396_9,1
11942_8,1
11098_1,0
3832_8,1
5474_9,1
4992_7,1
1559_7,1
11060_1,0
184_2,0
2604_3,0
10066_10,1
4478_8,1
3732_4,0
11051_8,1
5239_3,0
5675_9,1
4019_3,0
7699_10,1
6070_8,1
3425_1,0
8422_2,0
5139_9,1
6234_8,1
5059_7,1
8330_1,0
3331_8,1
1774_10,1
6321_3,0
4930_1,0
9847_1,0
5841_1,0
6017_8,1
3165_2,0
8564_7,1
9500_7,1
2281_4,0
3758_9,1
5229_1,0
2740_8,1
273_9,1
8605_4,0
5925_3,0
6774_10,1
4797_4,0
352_10,1
12383_7,1
2837_8,1
10887_7,1
464_10,1
3059_1,0
785_2,0
10486_3,0
23_7,1
5599_7,1
2180_1,0
1259_3,0
8216_4,0
1053_4,0
11257_1,0
11967_8,1
385_3,0
12074_10,1
8484_4,0
1794_7,1
7450_3,0
319_9,1
7969_1,0
7633_3,0
7769_3,0
11065_8,1
108_1,0
6375_3,0
1_7,1
377_7,1
10076_4,0
307_8,1
12471_7,1
627_2,0
96_1,0
260_4,0
10193_1,0
2459_8,1
5399_8,1
12003_10,1
2270_9,1
6432_1,0
958_9,1
4717_8,1
11685_2,0
8668_4,0
11761_10,1
7215_1,0
1344_9,1
1727_3,0
7522_8,1
12407_7,1
10967_4,0
5323_7,1
5624_7,1
6322_1,0
10617_8,1
7864_8,1
6805_1,0
4378_9,1
10264_10,1
5990_7,1
7241_8,1
7698_1,0
6452_9,1
1708_1,0
7451_9,1
12263_10,1
12223_10,1
1826_3,0
9471_1,0
11263_10,1
8962_9,1
7845_2,0
5959_7,1
5900_10,1
11452_8,1
6251_7,1
687_4,0
3735_10,1
10322_7,1
7166_2,0
1599_1,0
3857_3,0
7306_3,0
1089_10,1
7657_1,0
8239_1,0
12451_2,0
7417_10,1
5187_7,1
12471_1,0
5658_4,0
2669_1,0
6448_10,1
9164_1,0
9877_4,0
2026_8,1
8164_1,0
2114_4,0
1974_4,0
10367_8,1
8528_3,0
3472_1,0
8712_8,1
11336_4,0
5890_4,0
11126_10,1
10177_9,1
1385_3,0
9037_8,1
2809_4,0
708_8,1
4722_1,0
1690_1,0
999_10,1
11362_9,1
3631_3,0
4289_7,1
6292_3,0
11136_10,1
2780_9,1
6675_1,0
10976_10,1
9068_2,0
4269_10,1
10272_10,1
4151_10,1
8600_1,0
3160_1,0
2730_9,1
2358_3,0
996_9,1
2319_3,0
3942_1,0
11088_4,0
4644_1,0
6800_1,0
8567_10,1
10274_8,1
2856_1,0
130_1,0
327_3,0
1781_4,0
2626_8,1
5139_4,0
2204_10,1
10010_3,0
4922_4,0
3393_1,0
7213_3,0
9104_2,0
7927_1,0
11257_7,1
8481_8,1
5311_1,0
8820_7,1
11836_2,0
676_8,1
9813_1,0
9056_1,0
11199_1,0
12342_1,0
11657_9,1
1027_8,1
5068_9,1
12307_10,1
8704_1,0
8841_4,0
11999_3,0
147_4,0
11898_4,0
11050_1,0
83_10,1
12479_1,0
5367_9,1
12417_10,1
7811_2,0
2224_3,0
8749_1,0
724_3,0
2588_3,0
7992_4,0
7717_2,0
6909_1,0
6930_8,1
2616_10,1
5338_2,0
1266_1,0
3771_10,1
6182_1,0
12214_10,1
7901_7,1
11309_3,0
4297_9,1
7079_9,1
9997_2,0
256_9,1
9484_3,0
4727_7,1
3490_3,0
12443_9,1
4421_8,1
8972_3,0
8272_7,1
452_3,0
7151_10,1
8432_1,0
7960_4,0
5070_1,0
3702_1,0
7069_8,1
4712_2,0
149_10,1
2722_2,0
11237_1,0
4939_1,0
6721_3,0
4700_1,0
6294_10,1
9755_2,0
12116_1,0
2457_8,1
3113_9,1
5135_3,0
8593_4,0
8885_10,1
4788_10,1
6651_1,0
10899_10,1
5644_2,0
1253_10,1
1142_10,1
10286_9,1
5317_2,0
7222_8,1
9717_8,1
11762_8,1
9464_8,1
3945_4,0
6126_10,1
1139_1,0
1827_1,0
2777_2,0
6725_1,0
7658_1,0
7767_2,0
1290_2,0
453_10,1
7874_8,1
4576_1,0
5431_10,1
4484_1,0
341_10,1
6717_7,1
2271_1,0
10954_10,1
8184_4,0
1995_9,1
6428_8,1
2299_1,0
7493_3,0
1654_1,0
11078_10,1
2547_1,0
1007_10,1
8636_4,0
4452_8,1
11996_1,0
7496_4,0
7940_7,1
4250_8,1
9535_2,0
206_10,1
5670_1,0
10694_1,0
7574_10,1
10144_2,0
5016_1,0
8096_10,1
4607_4,0
6551_1,0
1076_8,1
7202_1,0
4484_8,1
7815_4,0
9902_7,1
8120_3,0
4327_4,0
3132_4,0
316_10,1
1338_3,0
9734_4,0
7060_1,0
8525_2,0
627_8,1
9326_10,1
9905_2,0
8701_8,1
10185_10,1
1990_2,0
12498_10,1
7328_8,1
9544_10,1
11045_1,0
12056_10,1
356_4,0
7969_10,1
1236_7,1
6285_7,1
3017_4,0
11454_4,0
8628_10,1
6669_10,1
9436_2,0
25_7,1
5001_7,1
8637_10,1
122_1,0
8022_1,0
3445_1,0
326_10,1
11629_10,1
10611_1,0
2936_3,0
11269_1,0
1322_1,0
12477_1,0
11546_4,0
2411_9,1
11739_4,0
3817_8,1
5753_1,0
1967_4,0
7801_1,0
4664_8,1
11328_10,1
6393_8,1
10604_2,0
9416_3,0
2145_7,1
2570_10,1
3865_2,0
6919_9,1
3159_9,1
9159_10,1
3995_1,0
539_4,0
10139_4,0
11925_2,0
722_7,1
8101_8,1
629_9,1
9833_8,1
2107_3,0
6943_1,0
9759_2,0
2724_1,0
8247_9,1
599_4,0
11793_8,1
12272_1,0
3707_2,0
1553_3,0
8908_4,0
6387_8,1
2577_10,1
1964_1,0
2969_10,1
9660_4,0
4407_4,0
3712_7,1
1662_1,0
865_9,1
137_4,0
5337_1,0
2098_10,1
2213_9,1
9799_1,0
6218_7,1
8372_1,0
1847_10,1
757_3,0
8909_9,1
9623_4,0
2967_9,1
656_10,1
11816_8,1
9713_2,0
7878_7,1
9772_1,0
10364_10,1
8937_1,0
4458_7,1
4145_10,1
10075_2,0
545_1,0
1672_8,1
4312_10,1
8050_10,1
732_7,1
4375_9,1
11935_7,1
875_10,1
11187_2,0
10734_4,0
5971_3,0
2235_1,0
11984_10,1
1158_4,0
9733_8,1
1955_9,1
9810_7,1
10891_7,1
4213_7,1
9036_10,1
8825_9,1
1600_7,1
12190_4,0
434_4,0
973_9,1
202_10,1
3677_3,0
11706_3,0
3102_9,1
7724_1,0
9611_8,1
778_10,1
8303_2,0
5651_1,0
4772_10,1
6254_10,1
3610_10,1
5692_4,0
12070_2,0
6122_2,0
4305_3,0
3199_10,1
6355_1,0
12379_2,0
11961_1,0
3491_8,1
1490_1,0
7572_1,0
2739_2,0
7204_2,0
7224_3,0
344_8,1
8237_8,1
1278_2,0
9665_2,0
10556_10,1
7247_4,0
9321_8,1
9599_1,0
2923_10,1
173_3,0
1648_10,1
8075_1,0
7715_8,1
2029_8,1
9884_1,0
9141_8,1
8087_8,1
6545_10,1
12285_4,0
11373_8,1
5600_4,0
4256_8,1
11439_3,0
6692_9,1
12249_2,0
6442_9,1
10018_3,0
4385_9,1
940_10,1
1305_1,0
11783_10,1
4012_8,1
7277_1,0
10277_9,1
6269_1,0
11921_2,0
3900_10,1
6493_2,0
3751_10,1
4549_1,0
8649_1,0
980_4,0
6397_8,1
7259_7,1
3859_4,0
11407_7,1
1741_9,1
4044_9,1
1123_1,0
12218_1,0
527_4,0
331_1,0
10304_7,1
1487_1,0
4154_10,1
4271_10,1
9572_8,1
1143_7,1
12176_8,1
11388_1,0
5861_1,0
11186_7,1
11397_1,0
9831_1,0
12426_1,0
6662_1,0
1946_2,0
4863_2,0
3740_2,0
26_9,1
4940_1,0
5090_10,1
9836_9,1
678_8,1
4629_10,1
11784_1,0
1854_2,0
10308_1,0
11213_7,1
6084_8,1
2061_9,1
7673_7,1
3177_9,1
2002_1,0
1589_1,0
5331_1,0
3807_4,0
6261_2,0
11470_3,0
2110_3,0
10431_1,0
7128_7,1
4658_8,1
9099_1,0
3062_1,0
3262_3,0
4839_10,1
9578_10,1
9874_1,0
2662_10,1
12235_7,1
9952_3,0
8099_7,1
7439_9,1
7388_1,0
4197_2,0
2366_4,0
10245_10,1
1405_7,1
9059_7,1
3006_9,1
5682_1,0
1874_10,1
686_3,0
2624_1,0
5465_1,0
7186_7,1
8070_3,0
2220_1,0
12080_3,0
9638_1,0
3183_9,1
4868_4,0
9906_4,0
2076_1,0
9766_3,0
10017_4,0
3321_4,0
3342_3,0
10300_10,1
10952_2,0
9085_1,0
7913_3,0
2439_8,1
9420_4,0
8079_8,1
7098_4,0
10147_1,0
11449_10,1
1764_2,0
10232_10,1
2167_10,1
7574_4,0
9816_4,0
4713_3,0
4426_7,1
5772_1,0
3653_1,0
7581_8,1
9288_4,0
10503_1,0
4216_10,1
5640_7,1
7341_4,0
3599_2,0
1844_3,0
7785_9,1
711_10,1
5447_4,0
4903_10,1
4077_10,1
12242_3,0
8854_3,0
11454_10,1
17_9,1
9312_10,1
10103_1,0
5939_7,1
3645_8,1
3420_1,0
3171_9,1
2456_3,0
348_7,1
472_1,0
5146_9,1
8547_10,1
928_10,1
327_8,1
1055_10,1
4943_2,0
807_2,0
6274_8,1
1049_7,1
4466_8,1
8513_9,1
10595_4,0
11155_2,0
12309_10,1
10666_8,1
1969_10,1
5052_10,1
12133_3,0
9400_1,0
6363_1,0
2980_7,1
5552_1,0
4939_7,1
1693_2,0
7023_1,0
4813_3,0
5183_9,1
11686_10,1
4982_4,0
5671_1,0
3961_3,0
1432_7,1
2033_8,1
8692_2,0
3310_4,0
11191_10,1
4213_1,0
11100_10,1
350_2,0
9312_1,0
5155_9,1
7516_7,1
263_4,0
9889_1,0
5290_10,1
5598_4,0
6204_7,1
3412_1,0
9173_1,0
9492_7,1
11467_2,0
7348_10,1
5921_4,0
4885_1,0
9849_1,0
5444_1,0
3903_1,0
2385_1,0
10571_8,1
1783_2,0
4158_10,1
9078_7,1
5636_10,1
1390_9,1
3216_2,0
9738_8,1
2937_10,1
10005_3,0
761_1,0
3810_9,1
10533_4,0
3087_10,1
9889_9,1
10380_4,0
2568_10,1
645_10,1
6219_7,1
506_7,1
8573_10,1
9806_8,1
5336_4,0
7237_2,0
10062_1,0
2169_2,0
730_1,0
6370_8,1
12246_1,0
5207_3,0
4819_1,0
1343_9,1
2111_7,1
8678_4,0
10703_3,0
2982_1,0
8966_10,1
11426_10,1
2502_1,0
12005_1,0
3890_10,1
5326_2,0
11429_7,1
7897_1,0
11408_1,0
2639_7,1
10919_10,1
10642_2,0
1568_1,0
8997_10,1
10532_4,0
790_9,1
8726_4,0
1986_10,1
5673_9,1
3776_4,0
8141_1,0
5955_10,1
10690_10,1
8384_1,0
5152_9,1
3867_10,1
8765_4,0
6246_9,1
4972_3,0
2917_4,0
6515_1,0
3578_7,1
4185_8,1
10397_2,0
8140_2,0
6803_8,1
7234_4,0
11852_1,0
12382_8,1
10318_2,0
12307_3,0
10593_4,0
7113_2,0
3299_1,0
3137_8,1
4852_8,1
9350_1,0
2153_9,1
10167_1,0
6149_1,0
4157_3,0
12072_2,0
532_9,1
3990_2,0
7155_3,0
11011_3,0
6904_8,1
6029_1,0
6792_3,0
3574_1,0
2605_7,1
9815_7,1
12111_7,1
8658_8,1
10623_8,1
2612_2,0
6115_10,1
12389_10,1
3876_4,0
10509_7,1
10463_10,1
5677_10,1
10255_1,0
4874_2,0
276_2,0
10650_1,0
3867_3,0
11206_10,1
2780_4,0
1280_10,1
5167_3,0
10213_1,0
4225_10,1
9332_3,0
10545_7,1
4036_1,0
3818_8,1
9628_8,1
11212_1,0
449_10,1
5368_3,0
1517_7,1
3649_4,0
3232_9,1
6869_8,1
1505_9,1
5435_1,0
5481_10,1
10818_10,1
10452_10,1
5888_4,0
3863_7,1
9581_2,0
10729_8,1
282_1,0
7070_9,1
1013_9,1
8970_3,0
5891_10,1
1776_1,0
8894_4,0
7403_3,0
11075_2,0
952_3,0
5604_8,1
6756_4,0
4717_1,0
11239_1,0
12423_2,0
7814_4,0
471_4,0
5874_10,1
5877_4,0
11337_3,0
11724_8,1
11488_10,1
10315_8,1
10079_8,1
9073_10,1
10030_1,0
12348_9,1
7130_10,1
12311_1,0
2910_7,1
3919_3,0
325_2,0
1540_10,1
8789_10,1
6665_10,1
7402_2,0
4969_7,1
609_9,1
9825_1,0
7994_4,0
8969_7,1
6051_9,1
2149_10,1
3727_2,0
5794_2,0
6292_10,1
5801_10,1
11691_8,1
11608_1,0
5287_8,1
465_1,0
2562_4,0
1653_10,1
583_3,0
7788_10,1
6326_4,0
4638_10,1
12397_4,0
49_10,1
7103_7,1
9259_10,1
2312_1,0
7781_2,0
8282_4,0
12289_9,1
3061_1,0
1322_8,1
9152_1,0
3190_7,1
6492_10,1
9981_7,1
5179_4,0
11582_10,1
12063_10,1
11116_4,0
9028_3,0
7725_2,0
941_10,1
8510_1,0
2561_3,0
10807_1,0
4355_1,0
7908_2,0
6645_1,0
1021_10,1
7173_1,0
5678_1,0
3689_2,0
4767_4,0
7906_7,1
6781_4,0
12288_9,1
2526_3,0
8842_9,1
10764_3,0
7567_4,0
5474_3,0
3502_3,0
9342_3,0
6520_7,1
780_2,0
8765_10,1
7046_2,0
5213_8,1
4320_1,0
1499_7,1
12399_9,1
6013_7,1
11182_10,1
3013_8,1
12101_7,1
10133_7,1
7335_1,0
2104_2,0
10816_2,0
10577_2,0
2772_7,1
1018_8,1
7032_10,1
650_1,0
4123_7,1
2381_9,1
919_8,1
5896_3,0
4343_3,0
10434_10,1
11728_9,1
10682_10,1
572_1,0
6513_9,1
1276_1,0
10993_10,1
10111_1,0
6916_8,1
1665_7,1
1873_8,1
9330_8,1
4828_1,0
1706_3,0
7321_10,1
12194_10,1
11356_3,0
3252_1,0
9533_3,0
6978_8,1
11484_2,0
11730_4,0
10066_4,0
6506_10,1
4840_4,0
7459_1,0
5879_1,0
9530_4,0
11107_10,1
5449_8,1
9341_4,0
3394_10,1
7507_2,0
7979_9,1
4638_3,0
7681_9,1
11584_4,0
7848_10,1
8257_9,1
1261_8,1
10627_1,0
11204_9,1
2533_7,1
398_10,1
553_7,1
11621_9,1
11001_1,0
641_4,0
3755_10,1
3864_7,1
5912_2,0
4720_1,0
3819_8,1
11434_2,0
7415_8,1
4212_4,0
2970_10,1
2703_9,1
10442_10,1
2606_8,1
10680_1,0
10809_1,0
2280_4,0
12246_9,1
11671_8,1
2201_10,1
11047_9,1
11144_2,0
3297_10,1
1240_1,0
9081_8,1
7372_1,0
8069_1,0
4550_3,0
6616_1,0
3999_10,1
6564_7,1
8443_9,1
5809_4,0
12383_2,0
5563_1,0
6609_1,0
8430_3,0
5290_3,0
8440_3,0
4574_10,1
3935_9,1
486_1,0
2512_4,0
8947_2,0
2628_10,1
10281_7,1
6569_7,1
9482_7,1
8024_10,1
9896_8,1
1084_9,1
12045_2,0
9577_8,1
9055_2,0
2650_10,1
7610_3,0
396_8,1
5079_8,1
231_1,0
8957_3,0
11550_7,1
6949_1,0
8682_7,1
8707_10,1
5568_3,0
8876_10,1
3564_10,1
7122_8,1
5247_10,1
1799_3,0
8534_3,0
1748_8,1
1478_7,1
5549_8,1
6158_10,1
743_1,0
11080_10,1
3421_10,1
8791_1,0
8612_3,0
3681_1,0
665_3,0
1727_10,1
2497_1,0
531_2,0
7188_8,1
9625_8,1
5312_7,1
6936_2,0
978_9,1
2959_10,1
960_1,0
2841_10,1
13_7,1
6767_8,1
500_9,1
3390_8,1
6172_4,0
3155_1,0
1455_7,1
5418_10,1
7107_10,1
12427_1,0
9353_3,0
9467_1,0
1381_2,0
11962_7,1
7047_2,0
2327_3,0
9830_2,0
12269_2,0
8426_4,0
1881_7,1
1594_8,1
9701_1,0
8033_7,1
10871_7,1
2942_1,0
2857_1,0
144_8,1
1433_4,0
8766_1,0
6936_7,1
11407_1,0
4132_1,0
11827_3,0
2294_8,1
3088_2,0
11630_8,1
401_10,1
10608_2,0
11888_2,0
482_8,1
6351_8,1
8527_8,1
4177_4,0
9571_3,0
560_8,1
12484_8,1
10003_1,0
9618_8,1
6325_1,0
1118_1,0
48_4,0
9195_1,0
10559_3,0
5789_1,0
9300_1,0
3860_10,1
1712_9,1
6973_3,0
6710_1,0
2770_8,1
7985_4,0
11500_10,1
5111_1,0
10482_1,0
4841_7,1
5669_10,1
8227_7,1
3524_9,1
1965_7,1
7402_8,1
4654_7,1
3751_2,0
6490_10,1
6473_3,0
7868_3,0
4594_1,0
10323_10,1
2987_10,1
2337_4,0
2829_1,0
4738_4,0
10624_1,0
2865_1,0
7967_4,0
348_2,0
3756_1,0
6791_10,1
9899_7,1
2647_4,0
11394_10,1
9240_4,0
6341_7,1
4887_10,1
1239_1,0
10571_1,0
6540_7,1
476_1,0
12351_8,1
12220_8,1
6981_1,0
12372_3,0
11272_1,0
2983_2,0
9309_1,0
9356_9,1
1257_3,0
10687_1,0
872_2,0
12112_2,0
5195_7,1
7523_1,0
9711_4,0
2237_3,0
6460_2,0
11831_3,0
440_3,0
5584_1,0
8480_10,1
4240_9,1
5970_10,1
11215_1,0
8480_3,0
10051_10,1
1139_8,1
8008_1,0
12245_1,0
184_8,1
7575_10,1
12282_8,1
11089_10,1
9811_3,0
11502_10,1
10791_2,0
10077_10,1
10354_4,0
7495_2,0
9064_4,0
6205_1,0
7263_10,1
2943_1,0
5283_7,1
7744_10,1
10059_4,0
2744_10,1
1093_2,0
7953_9,1
5941_8,1
6395_9,1
3194_1,0
11357_3,0
6009_2,0
2709_2,0
7277_7,1
9964_4,0
11586_9,1
512_10,1
3545_7,1
7869_2,0
10658_4,0
4632_4,0
10370_9,1
1259_9,1
961_1,0
12400_4,0
9383_8,1
7012_1,0
6557_10,1
7357_10,1
849_1,0
8114_8,1
129_3,0
1418_9,1
11013_1,0
9047_10,1
11554_1,0
7709_1,0
4191_10,1
2793_1,0
5838_4,0
7565_10,1
10173_8,1
4884_10,1
2542_10,1
8242_8,1
7174_1,0
1348_10,1
231_10,1
6113_1,0
1022_1,0
6744_1,0
23_3,0
4453_10,1
2549_1,0
7123_2,0
1853_1,0
6908_2,0
10750_3,0
12066_8,1
548_3,0
5123_2,0
69_4,0
6732_4,0
3864_4,0
4333_10,1
7998_9,1
11735_1,0
5906_8,1
4812_2,0
11241_1,0
9007_10,1
12435_8,1
4554_1,0
4737_3,0
6226_10,1
304_4,0
4284_3,0
6795_4,0
11540_2,0
10676_3,0
11995_4,0
5692_7,1
1724_1,0
435_8,1
2052_10,1
5249_1,0
7313_1,0
11138_2,0
6436_10,1
860_8,1
6154_10,1
8059_1,0
2188_10,1
9165_10,1
6848_4,0
11474_1,0
5122_9,1
472_10,1
404_2,0
11934_1,0
475_1,0
885_2,0
1938_1,0
11339_1,0
514_1,0
4218_3,0
12210_9,1
3654_1,0
11275_1,0
1858_3,0
5853_10,1
177_1,0
2548_1,0
1339_2,0
4497_4,0
6813_10,1
2556_1,0
4568_2,0
7520_1,0
8888_4,0
6562_4,0
11593_10,1
9179_10,1
6849_3,0
7019_4,0
3435_10,1
4660_4,0
3927_9,1
7896_1,0
1262_1,0
423_4,0
2617_10,1
6344_2,0
4148_7,1
4188_4,0
2509_4,0
2288_9,1
9788_3,0
12152_2,0
5815_3,0
692_8,1
10522_7,1
12494_8,1
9116_9,1
2381_1,0
10289_10,1
493_10,1
543_2,0
5811_9,1
3451_4,0
11907_7,1
5080_10,1
7604_9,1
1848_8,1
11128_10,1
11372_7,1
2579_8,1
6555_8,1
6596_1,0
6114_7,1
6327_10,1
551_8,1
10801_1,0
4116_9,1
10257_1,0
1213_1,0
12092_7,1
9958_1,0
1839_1,0
84_3,0
8207_3,0
10144_8,1
12278_1,0
706_4,0
12198_3,0
608_8,1
10305_4,0
5740_10,1
12055_1,0
7274_10,1
5445_1,0
9949_9,1
10510_7,1
1867_9,1
3434_2,0
2274_9,1
11294_1,0
8504_8,1
4879_10,1
8038_7,1
3663_4,0
7348_3,0
4681_7,1
6991_9,1
1210_1,0
3663_10,1
920_1,0
10994_8,1
3361_4,0
9569_9,1
11135_2,0
3173_3,0
6245_10,1
5842_1,0
11748_1,0
11220_10,1
654_10,1
10609_3,0
6834_10,1
6782_9,1
7059_10,1
1777_3,0
12255_10,1
620_10,1
12135_10,1
1169_4,0
10003_8,1
5724_2,0
11299_8,1
6040_1,0
12228_8,1
2674_7,1
7917_4,0
6472_2,0
1887_8,1
332_1,0
10047_1,0
4547_1,0
9361_1,0
1620_2,0
10491_1,0
4671_4,0
9593_2,0
2325_8,1
2776_8,1
7589_8,1
11602_1,0
4065_4,0
3196_10,1
3300_9,1
11130_9,1
1516_7,1
7593_2,0
696_10,1
1317_8,1
12058_4,0
1588_1,0
6303_1,0
6454_9,1
10528_10,1
1552_8,1
7942_10,1
9873_1,0
8821_9,1
5828_9,1
3514_7,1
7742_8,1
2568_3,0
4339_2,0
1209_10,1
12489_1,0
3131_7,1
9851_1,0
3023_1,0
5589_7,1
635_9,1
1421_9,1
12019_8,1
12328_1,0
8330_7,1
9320_1,0
4004_4,0
9185_9,1
5527_2,0
3168_7,1
7663_7,1
7487_8,1
764_10,1
3025_7,1
12381_1,0
10161_2,0
6694_1,0
7628_8,1
9842_7,1
10871_4,0
7471_1,0
1010_4,0
6057_1,0
7747_1,0
9305_10,1
2873_1,0
5407_7,1
1924_10,1
2590_7,1
9726_2,0
5615_4,0
9883_8,1
5081_8,1
2563_10,1
5238_7,1
10406_10,1
3170_9,1
498_3,0
6304_1,0
8253_10,1
4314_10,1
5928_4,0
7191_9,1
12099_9,1
6317_10,1
12107_10,1
5580_2,0
4724_2,0
10526_3,0
7833_1,0
6443_1,0
3781_1,0
11480_2,0
11389_7,1
8745_7,1
755_1,0
4722_8,1
4897_8,1
1506_7,1
1164_4,0
9457_9,1
9723_1,0
3423_4,0
8911_4,0
3946_7,1
11757_2,0
7860_4,0
4877_9,1
7436_1,0
5416_4,0
6621_1,0
766_10,1
4062_10,1
11332_1,0
4670_9,1
4535_7,1
2262_10,1
3555_1,0
2916_9,1
9734_7,1
12410_8,1
12138_7,1
5060_8,1
4959_7,1
6339_7,1
6457_7,1
10439_1,0
893_8,1
9951_7,1
1033_4,0
11109_9,1
200_10,1
5853_3,0
5824_1,0
5308_10,1
1207_10,1
9283_8,1
2355_3,0
3921_9,1
9156_1,0
9399_4,0
6941_1,0
9626_2,0
11377_3,0
5286_10,1
8926_1,0
6016_10,1
3267_8,1
3087_2,0
3201_10,1
7108_3,0
6364_8,1
4530_3,0
7957_2,0
3785_10,1
6143_7,1
11163_9,1
603_10,1
12197_9,1
720_4,0
11444_10,1
5198_7,1
621_10,1
7819_9,1
7461_2,0
11943_1,0
7874_2,0
10150_3,0
1962_2,0
4205_8,1
8197_8,1
1604_4,0
9170_9,1
3206_4,0
5625_4,0
6505_10,1
11453_9,1
9460_1,0
10078_1,0
12317_1,0
7571_3,0
4190_10,1
10171_7,1
1735_2,0
12290_1,0
9540_2,0
1094_4,0
5667_10,1
1643_10,1
2525_8,1
2670_10,1
11303_9,1
12023_9,1
10686_2,0
7704_10,1
8982_4,0
10904_3,0
2453_4,0
6225_8,1
8968_8,1
3984_1,0
9264_4,0
5219_7,1
9125_2,0
5892_8,1
11103_2,0
937_1,0
5966_3,0
7758_4,0
12453_7,1
321_1,0
2056_1,0
10321_2,0
9115_1,0
9429_1,0
1156_9,1
10667_3,0
1442_1,0
6155_4,0
4919_3,0
6204_1,0
1532_1,0
5149_1,0
4984_1,0
6283_2,0
578_10,1
1133_10,1
7412_9,1
809_3,0
8199_2,0
3111_7,1
9093_4,0
5712_1,0
9289_3,0
7920_1,0
6360_1,0
3179_8,1
6288_7,1
8739_1,0
12276_2,0
4436_7,1
4578_9,1
7095_9,1
8740_1,0
3646_8,1
11295_1,0
7301_3,0
5351_7,1
2828_3,0
3769_2,0
221_9,1
12336_3,0
6975_3,0
10656_7,1
3703_9,1
11354_10,1
7651_1,0
12266_9,1
11560_9,1
6428_3,0
10931_7,1
6059_10,1
2012_8,1
9685_4,0
4709_9,1
3213_1,0
1994_10,1
9220_4,0
2981_10,1
8558_10,1
4995_9,1
10230_1,0
11786_4,0
4831_8,1
8868_10,1
5930_7,1
2681_3,0
11531_10,1
5065_7,1
6123_4,0
2435_8,1
570_1,0
1888_4,0
3875_1,0
5499_10,1
909_8,1
2616_2,0
6061_2,0
735_1,0
11304_7,1
1631_1,0
9228_10,1
10239_10,1
8531_3,0
12411_4,0
11375_9,1
8965_1,0
1195_8,1
11669_9,1
9362_1,0
8780_4,0
7047_10,1
10594_1,0
2122_4,0
1611_1,0
124_2,0
10917_8,1
11398_4,0
9493_8,1
3620_1,0
4825_1,0
10339_2,0
10735_4,0
7981_4,0
7170_2,0
8646_7,1
2824_8,1
388_1,0
9976_1,0
8228_8,1
7627_10,1
8645_8,1
9429_9,1
9136_8,1
9119_10,1
1678_9,1
7337_10,1
10767_1,0
2523_1,0
3576_9,1
7838_8,1
7455_8,1
4695_4,0
11139_8,1
2425_4,0
10443_3,0
3648_4,0
2182_2,0
5879_10,1
235_10,1
6430_1,0
8382_7,1
8960_2,0
2125_10,1
6843_4,0
5147_3,0
7655_1,0
4463_1,0
6063_4,0
11238_1,0
6992_10,1
7671_1,0
7388_10,1
6053_10,1
6617_1,0
11358_3,0
1431_10,1
3737_3,0
10377_1,0
6464_3,0
10889_1,0
1407_7,1
4325_10,1
9715_7,1
9328_7,1
3058_1,0
6874_4,0
1713_1,0
9227_9,1
2547_10,1
1491_9,1
8041_1,0
11602_8,1
14_10,1
4235_4,0
7282_9,1
3369_4,0
6938_9,1
7003_4,0
11302_8,1
3400_8,1
2244_9,1
10834_4,0
5269_10,1
7444_10,1
11778_3,0
2354_10,1
9180_1,0
3497_3,0
5408_3,0
8404_2,0
3515_4,0
10423_1,0
12454_7,1
9258_10,1
1692_8,1
3622_2,0
4133_7,1
9933_8,1
9039_4,0
450_10,1
8649_9,1
7929_4,0
11819_3,0
382_1,0
8416_1,0
4821_10,1
91_1,0
7875_7,1
2146_9,1
4007_4,0
10755_1,0
2139_9,1
2631_1,0
5643_1,0
4349_2,0
2450_3,0
6796_8,1
3309_9,1
9675_4,0
8039_1,0
1789_7,1
7856_3,0
7032_3,0
7898_1,0
3021_8,1
1866_2,0
1324_7,1
8977_1,0
8396_4,0
5685_1,0
7453_4,0
983_7,1
12400_8,1
7719_3,0
6699_3,0
4475_1,0
7645_4,0
8890_10,1
9462_9,1
4657_4,0
7308_8,1
8302_8,1
9192_7,1
12376_7,1
9371_7,1
1983_10,1
7961_10,1
6308_1,0
4168_7,1
2482_1,0
4470_3,0
118_8,1
12213_4,0
11595_10,1
10937_1,0
1526_9,1
10908_10,1
3955_9,1
1156_2,0
6961_7,1
1279_3,0
11084_4,0
3566_9,1
3705_10,1
11448_2,0
5374_3,0
12300_4,0
7214_7,1
1676_4,0
8929_8,1
2180_8,1
3870_9,1
11653_1,0
7197_2,0
1828_3,0
10092_1,0
257_7,1
80_9,1
2755_10,1
10659_2,0
347_10,1
6848_7,1
9373_4,0
8078_10,1
2230_10,1
10568_10,1
7625_10,1
10619_8,1
7181_3,0
3136_2,0
11962_4,0
7304_4,0
4561_10,1
6066_10,1
9980_2,0
3705_3,0
2131_9,1
1813_8,1
11731_4,0
6382_7,1
10733_7,1
11072_8,1
4858_8,1
6470_3,0
7963_9,1
4684_8,1
4302_2,0
4600_10,1
2020_2,0
6140_9,1
6218_3,0
9087_1,0
6675_8,1
697_8,1
1963_8,1
7011_3,0
2791_10,1
2078_1,0
4521_10,1
446_10,1
9962_3,0
2289_3,0
5950_10,1
4597_8,1
12469_1,0
748_9,1
865_1,0
9215_1,0
9635_7,1
3793_3,0
6563_7,1
5151_3,0
3172_9,1
9340_4,0
1450_3,0
4582_3,0
7031_2,0
3941_3,0
9924_2,0
3027_8,1
3409_10,1
11766_8,1
4222_2,0
11274_9,1
11280_8,1
9271_8,1
1073_9,1
9022_3,0
12401_4,0
5218_4,0
8749_7,1
6374_3,0
8568_4,0
1573_9,1
6180_3,0
7466_1,0
5987_8,1
10007_7,1
2341_4,0
8163_3,0
9345_9,1
6564_1,0
46_9,1
1236_1,0
9735_1,0
3569_1,0
8486_1,0
9556_10,1
9641_1,0
5665_4,0
2421_9,1
912_3,0
4545_10,1
8139_1,0
10386_8,1
9206_3,0
5217_4,0
948_10,1
11015_1,0
3207_7,1
3351_4,0
9749_9,1
5588_10,1
2257_1,0
1402_4,0
1800_2,0
5774_8,1
5085_7,1
2977_1,0
7982_1,0
8189_10,1
8184_7,1
1581_7,1
9975_3,0
9324_7,1
2034_1,0
9150_1,0
9614_10,1
4866_1,0
8255_3,0
2357_10,1
11713_10,1
2939_10,1
1342_1,0
723_8,1
2581_8,1
6050_10,1
9017_8,1
861_7,1
6214_4,0
6702_8,1
10958_10,1
10079_1,0
6589_10,1
8907_4,0
9985_1,0
6605_1,0
12182_8,1
6499_10,1
12253_2,0
10017_9,1
10303_1,0
2169_7,1
4889_3,0
176_4,0
11058_1,0
4876_10,1
2267_8,1
8687_9,1
918_2,0
9140_2,0
10752_10,1
3056_8,1
5085_1,0
10319_7,1
11422_1,0
10321_10,1
9180_9,1
2178_9,1
3782_4,0
3001_10,1
2921_2,0
6818_10,1
9559_8,1
3154_2,0
4907_3,0
8625_4,0
9824_10,1
9035_4,0
8254_1,0
2945_1,0
3400_1,0
12129_7,1
215_8,1
2317_10,1
6661_7,1
6618_2,0
4134_1,0
10852_1,0
10113_1,0
4442_9,1
6820_1,0
11416_10,1
2701_9,1
3680_4,0
8770_2,0
7659_2,0
8344_4,0
10451_1,0
9438_3,0
1462_1,0
2330_4,0
2729_4,0
5505_1,0
4809_3,0
10900_3,0
3392_4,0
5797_3,0
9913_10,1
9343_8,1
7083_1,0
9128_2,0
244_4,0
10652_9,1
7893_7,1
4517_9,1
3816_1,0
5773_9,1
6476_10,1
2831_7,1
5464_7,1
9374_9,1
2095_3,0
3137_1,0
505_2,0
2554_1,0
7587_4,0
9309_9,1
3003_9,1
10972_10,1
9411_1,0
1592_3,0
8085_2,0
11550_4,0
11696_7,1
5587_4,0
10232_1,0
7285_3,0
10932_7,1
7645_7,1
985_4,0
6143_3,0
6754_8,1
8379_10,1
1347_1,0
9554_8,1
11242_9,1
12367_9,1
3500_10,1
7084_10,1
10084_10,1
10088_10,1
8497_3,0
11168_1,0
8196_8,1
2823_7,1
6790_10,1
3089_9,1
2858_10,1
10842_4,0
9295_10,1
